country_1,country_2,collaboration_count
CN,US,5963
GB,US,4503
CA,US,3513
DE,US,2970
AU,US,2250
IT,US,2195
FR,US,1798
KR,US,1762
JP,US,1701
NL,US,1687
AU,GB,1655
DE,GB,1606
ES,US,1527
IN,US,1423
GB,IT,1397
CH,US,1264
CA,GB,1214
GB,NL,1161
BR,US,1157
CN,GB,1079
FR,GB,1047
CH,DE,998
ES,GB,971
DE,IT,964
DE,NL,912
SE,US,904
DE,FR,899
ES,IT,880
FR,IT,873
CN,DE,799
AU,CN,749
DK,US,727
CH,GB,726
AU,CA,682
DE,ES,673
CH,IT,652
CA,DE,644
CA,CN,622
GB,SE,617
BE,US,612
ES,FR,599
CN,TW,592
IL,US,589
IT,NL,582
AU,DE,571
CA,FR,570
AT,DE,564
CN,KR,562
TW,US,523
CH,FR,512
CN,JP,508
DK,GB,497
BR,PT,484
AT,US,484
SG,US,464
BE,GB,462
FR,NL,453
CA,IT,440
DE,SE,438
AU,NL,433
GB,IN,431
CA,NL,423
CN,SG,416
GB,JP,412
ES,NL,412
BE,NL,405
TR,US,401
NO,US,385
DE,DK,384
CN,IT,380
PL,US,378
CA,ES,374
CN,NL,370
BE,FR,368
BE,IT,365
AU,IT,355
BR,GB,355
BR,CA,355
BE,DE,354
CH,NL,349
CN,FR,342
CA,CH,338
IE,US,337
GB,IE,334
EG,SA,329
IT,SE,324
AT,GB,323
PT,US,323
MX,US,317
IR,US,309
GB,GR,306
AU,FR,305
NL,SE,303
EG,US,301
GB,NO,301
RU,US,300
AU,ES,297
GR,US,295
ES,PT,293
FI,US,293
DE,JP,292
BR,IT,288
CH,ES,283
BR,ES,276
AT,IT,276
CN,ES,267
GB,PT,267
AU,CH,259
DK,SE,257
BR,DE,255
DK,NL,251
CA,JP,243
US,ZA,241
NZ,US,240
GB,SG,240
CA,IN,232
ES,SE,232
DE,PL,230
BE,ES,229
IT,PL,226
IN,SA,225
FR,SE,222
CN,SE,222
AU,SE,221
AU,NZ,220
AU,DK,220
SA,US,216
CH,CN,213
CN,IN,212
DK,IT,211
TH,US,211
FI,SE,205
JP,KR,205
DE,NO,204
AT,CH,204
CA,SE,203
DK,ES,202
CZ,US,202
GB,KR,201
AU,JP,199
AU,IN,198
FI,GB,198
FR,JP,198
GR,IT,197
PK,US,196
PK,SA,195
DE,PT,193
NO,SE,192
GB,ZA,189
CL,ES,188
AR,US,186
DK,FR,185
BR,FR,184
DE,IL,183
AU,SG,181
AU,BR,180
CL,US,180
DE,GR,179
GB,TR,177
DE,FI,177
GB,PL,176
NL,NO,176
AT,FR,175
CA,KR,174
GB,NZ,174
IT,JP,174
CA,DK,171
IN,IT,170
IT,PT,169
CO,US,169
AT,NL,169
BE,CA,168
IT,NO,160
IN,KR,159
FR,PT,156
ES,JP,155
CN,DK,155
AU,BE,154
DE,IN,152
ES,MX,148
BE,CN,148
JP,NL,147
BE,CH,146
DE,RU,146
DK,NO,144
IT,TR,142
ES,PL,139
CN,PK,138
CZ,DE,135
DE,KR,134
GB,IL,133
AT,ES,131
HU,US,131
CH,SE,131
EG,GB,129
CO,ES,128
FI,NL,128
GB,SA,125
AU,KR,125
DE,TR,125
CH,JP,123
BE,SE,123
GB,PK,119
CZ,GB,119
BR,CN,117
IL,IT,117
DE,HU,116
FI,IT,116
AU,IE,116
AT,CA,116
AU,ZA,115
ES,NO,114
CA,NO,112
PE,US,111
CA,IL,110
FR,GR,110
BR,NL,110
FR,NO,108
AT,AU,108
GB,TW,108
GB,RU,108
AU,NO,108
CZ,IT,108
CA,IE,107
AU,FI,105
CN,FI,105
CH,DK,105
CA,IR,105
DE,SG,103
NL,PT,103
ES,GR,102
ES,IN,100
JP,TW,100
DE,IE,98
IN,JP,98
FR,PL,94
ES,FI,92
JP,SE,92
JP,SG,92
IN,MY,92
CH,NO,91
GB,IR,91
AE,US,91
FI,FR,91
IE,IT,90
NL,SG,90
AT,CN,90
MY,US,90
ES,IL,89
BR,CH,89
CN,MY,88
AR,ES,88
CN,IL,88
FR,IN,88
DK,FI,86
CA,NZ,86
BE,DK,86
AU,MY,86
FR,IE,86
LB,US,86
IT,KR,85
IT,RU,85
AT,SE,85
ES,KR,85
AU,IR,83
CN,NZ,83
FR,IL,83
CN,NO,82
CA,SG,82
ES,IE,82
GB,TH,80
BR,SE,80
NG,US,80
PL,SE,80
QA,US,80
BD,US,79
CH,PL,79
FR,KR,77
CH,GR,77
GB,QA,77
ES,TR,76
CA,PT,76
US,VN,75
CN,SA,75
GB,MX,74
CA,PL,74
IR,IT,74
CA,CZ,74
CH,PT,73
BE,BR,73
CH,IL,73
AT,DK,73
AT,BE,72
CN,PT,72
CZ,PL,72
AU,PT,72
BR,CL,72
GB,MY,72
IT,SG,72
BE,NO,72
GB,HU,71
GR,NL,71
FR,RU,71
CA,ZA,71
KR,TW,70
CN,PL,70
CZ,ES,70
AR,GB,69
CZ,FR,69
KR,PK,69
CA,FI,68
FI,NO,68
CN,IE,68
BE,PT,68
CA,MX,67
BR,JP,67
FR,SG,67
IN,NL,67
KR,SG,67
DE,ZA,66
IT,RS,66
IL,NL,66
IN,SE,65
AT,JP,65
AR,IT,65
NL,PL,65
CH,IN,64
ET,KR,64
DK,JP,63
CL,GB,63
IN,SG,63
DE,IR,63
CH,FI,63
KH,TR,62
IT,SA,62
AR,BR,62
BR,MX,61
CL,DE,61
NL,ZA,61
MY,PK,61
CN,RU,61
AU,GR,60
CZ,NL,60
DK,PT,60
FR,LB,60
NL,TR,60
EG,IT,59
JP,TH,59
DE,EG,59
FR,TR,58
GB,NG,58
AU,IL,57
RS,US,57
CA,GR,57
AU,TW,57
IT,SI,56
BR,IN,56
CN,EG,56
AU,BD,56
CH,KR,56
GH,US,55
BR,PL,55
AR,DE,55
NP,US,55
AE,IN,55
MY,SA,55
CA,SA,55
HU,IT,54
BE,FI,54
IE,NL,54
CN,TR,54
AU,PL,54
IT,MX,53
CH,SG,53
CN,TH,53
CO,TR,53
DE,HR,53
AE,SA,53
CA,TR,53
KR,NL,53
GB,RO,53
EG,IN,53
JO,US,53
AU,RU,52
IN,ZA,52
CH,ZA,51
CA,PK,51
DE,TW,51
IT,RO,51
BE,JP,51
BE,PL,50
HU,PL,50
IN,PK,50
PT,SE,50
AE,GB,50
CH,CZ,50
CN,CZ,50
CY,GR,50
AT,PL,50
IN,TW,50
PL,PT,50
RO,US,49
AU,CZ,49
CA,TW,49
EG,PK,49
AT,NO,49
BR,DK,49
IS,US,48
ET,IN,48
CN,IR,48
GR,SE,47
EG,JP,47
SK,US,47
BR,CO,46
ID,US,46
AU,TR,46
FR,MX,46
CZ,SE,46
CO,MX,45
DK,PL,45
CN,GR,45
AG,TR,44
GE,US,44
GB,ID,44
CA,RU,44
DE,MX,44
DE,NZ,44
IE,SE,44
ES,RU,44
AT,CZ,44
ES,SG,43
IN,PL,43
DE,SK,43
SE,SG,43
KE,US,43
JP,MY,43
AU,SA,42
BE,CZ,42
JP,NO,42
DE,SA,42
IT,ZA,42
AU,CL,42
UG,US,42
CH,IE,41
HR,US,41
FR,RO,41
GB,JO,41
IT,TW,41
CZ,RU,41
AU,EG,40
AR,CA,40
GB,SI,40
AT,HU,40
BE,GR,40
NG,ZA,40
CL,FR,40
AT,PT,40
CA,EG,40
EG,KR,39
ES,RO,39
KR,SA,39
JP,PL,39
AR,FR,39
SI,US,39
ID,JP,39
AE,EG,38
JP,VN,38
IN,TR,38
IL,SE,38
FR,TW,38
IN,NP,38
CH,TR,38
FR,ZA,38
CO,GB,38
JP,RU,37
HR,IT,37
CZ,SK,37
HU,SE,36
CY,US,36
NL,RU,36
CA,CL,36
AT,BR,36
BR,ZA,36
AU,VN,36
AU,PK,36
KR,RU,36
DE,RO,36
DK,SG,36
IL,IN,36
UA,US,35
PH,US,35
DE,PK,35
BE,IL,35
EC,ES,35
US,UY,35
GR,PT,35
FI,IN,35
BD,CN,34
BD,IN,34
NZ,SE,34
BR,NO,34
AT,FI,34
PL,RU,34
DE,SI,34
FR,PK,34
AE,AU,34
BE,KR,34
KR,MY,34
KR,SE,34
CY,GB,34
AU,TH,33
AT,RU,33
SG,TW,33
NL,TW,33
CL,IT,33
NO,PT,33
CL,MX,33
GR,KR,33
AU,ID,33
FR,TN,33
GR,PL,33
DE,LU,33
CN,MX,33
EC,US,33
IN,PT,32
GR,IN,32
BE,RU,32
ET,US,32
ID,MY,32
FR,SA,32
BD,SA,32
DK,IL,32
ES,ZA,32
IR,TR,32
DK,KR,32
HU,NL,32
ES,IR,32
FR,IR,32
BD,GB,32
CA,CO,32
AE,PK,32
AU,QA,32
KR,VN,32
BE,IE,31
DK,RU,31
CZ,DK,31
GB,RS,31
GR,JP,31
AT,SG,31
DK,GR,31
AT,KR,31
IL,JP,31
IT,MY,31
AT,GR,31
SE,ZA,31
AU,NG,30
EG,ES,30
MX,NL,30
IN,RU,30
IN,TH,30
BR,CZ,30
ES,PE,30
BE,IN,30
AU,MX,30
GB,HR,30
MY,SG,30
CH,RU,30
ID,TW,29
AR,CL,29
BD,JP,29
JP,PT,29
RU,TJ,29
CA,TH,29
IT,PK,29
DK,IE,29
MY,TW,29
BR,UY,29
DE,QA,29
GB,GH,28
AR,CH,28
ID,KR,28
BR,FI,28
JO,SA,28
PL,UA,28
FR,RS,28
NL,NZ,28
CL,CO,28
FI,PT,28
CN,NG,28
ES,TW,28
AR,MX,27
RU,SE,27
JP,TR,27
IN,NO,27
CY,TR,27
DK,IR,27
CL,NL,27
IT,SK,27
FR,NZ,27
CA,PE,27
CZ,NO,26
DK,IN,26
DE,MY,26
DK,TR,26
IS,NL,26
BR,IR,26
DE,RS,26
CH,IR,26
IR,RU,26
EG,NG,26
BD,CA,26
GR,TR,26
CH,NZ,26
IT,LU,26
PL,RO,26
CN,ID,26
CN,HU,26
EG,FR,26
BR,TR,26
CN,ZA,25
SE,TR,25
AR,JP,25
AT,IL,25
KH,US,25
AE,DE,25
IR,KR,25
BE,TR,25
IE,IN,25
GB,VN,25
GB,IS,25
FR,MA,25
FI,JP,25
EG,MY,25
EE,GB,25
DE,UA,24
SE,TW,24
DK,NZ,24
TN,US,24
GR,NO,24
IR,PL,24
CA,QA,24
FR,MY,24
LU,US,24
BR,IL,24
ES,PK,24
ES,RS,24
IS,SE,24
IR,NL,24
FI,IE,24
GB,SK,24
GB,LU,24
GD,US,24
CH,RS,24
IT,PE,24
BE,ZA,24
CZ,TR,23
BR,NZ,23
FI,KR,23
IL,KR,23
AT,TR,23
PK,SE,23
IT,NZ,23
BR,PE,23
TW,VN,23
AU,LK,23
ID,NL,23
CO,IT,23
CA,KH,23
IE,NO,23
GB,PE,23
CZ,JP,23
BR,GR,23
BR,RU,22
PK,TR,22
KZ,TR,22
FR,HU,22
FI,GR,22
ES,HU,22
IT,TH,22
IN,IR,22
BG,US,22
NL,SI,22
AT,IN,22
GB,IQ,22
BR,KR,22
NO,PL,22
BR,IE,22
IR,SE,22
NO,ZA,22
GR,RO,22
CH,CL,21
SA,TN,21
IR,JP,21
BR,SG,21
AE,CA,21
AE,CN,21
AU,ET,21
LT,US,21
HR,NL,21
DK,IS,21
EE,SE,21
IL,PT,21
AR,NL,21
CA,NG,21
TH,TW,21
EE,FI,21
AZ,US,21
CL,DK,21
CO,DE,21
FR,HR,21
IE,PT,21
ES,SA,21
NL,SA,21
DK,HU,21
CH,TW,21
IT,LB,21
GB,KE,21
GB,LB,21
AU,IS,21
ES,SI,20
ET,SA,20
CN,NP,20
CR,US,20
CO,PT,20
BG,DE,20
DE,IS,20
DE,LV,20
GR,IL,20
CL,CN,20
IQ,SA,20
CH,MX,20
NO,SG,20
AT,HR,20
AT,IE,20
BD,NO,20
BG,IT,20
CH,EG,20
FR,SI,20
BA,RS,20
JP,SA,20
KR,NO,20
CZ,IL,20
JP,NZ,19
IL,RU,19
CH,SI,19
CN,VN,19
CZ,GR,19
SA,TR,19
RU,UA,19
AR,CN,19
US,ZM,19
IE,JP,19
EG,TR,19
KE,ZA,19
EE,US,19
KR,TR,19
FR,LU,19
AR,AU,19
JP,PK,19
GB,UG,19
GB,NP,19
ES,MY,19
AZ,CA,18
IE,RO,18
FI,IL,18
IT,JO,18
HU,JP,18
PL,TR,18
AT,EG,18
DE,TH,18
IN,RO,18
PT,RU,18
IQ,MY,18
IN,QA,18
BE,IR,18
AU,GH,18
CO,FR,18
CL,PT,18
BE,MX,18
GR,RS,18
IE,PL,18
CN,RO,18
SE,SI,18
BD,KR,18
AE,IT,18
CM,US,17
PL,SK,17
MX,PT,17
AR,SE,17
BR,EC,17
IN,OM,17
IL,NO,17
IS,IT,17
EG,GR,17
BY,RU,17
EG,NL,17
ID,SG,17
CZ,FI,17
IT,UA,17
MY,TR,17
AU,CO,17
CZ,HU,17
AU,RS,17
CA,HU,17
KW,US,17
CA,MY,17
FI,SG,17
PL,SA,17
GR,HU,17
PT,SG,16
PT,TR,16
AT,SK,16
ES,NZ,16
AR,CO,16
BD,MY,16
BR,TW,16
IR,PK,16
GH,IN,16
FI,RU,16
JM,US,16
BY,KR,16
RO,TR,16
KR,TH,16
FI,PL,16
HU,IN,16
IE,SG,16
BD,PK,16
BE,LB,16
DE,EE,16
IE,SA,16
CR,ES,16
ID,IT,16
TZ,US,16
GB,MW,16
IE,QA,16
ID,PK,16
IN,MX,16
CA,LB,16
NL,SK,16
GR,NG,16
CH,HU,16
AT,RO,16
JP,ZA,16
PK,PL,15
EG,IQ,15
EG,IR,15
IT,MT,15
IL,SG,15
CA,MA,15
HU,PT,15
AR,IN,15
IT,QA,15
EG,MA,15
EG,QA,15
CN,QA,15
NZ,PK,15
JP,MX,15
BE,SG,15
CA,RO,15
CZ,KR,15
ET,GB,15
IQ,US,15
AU,HU,15
ES,UY,15
KZ,RU,15
MX,SE,15
SA,SE,15
IL,PL,15
AL,IT,15
RO,SE,14
CZ,IN,14
AT,IR,14
SG,TR,14
SA,YE,14
CL,JP,14
DE,VN,14
BE,HU,14
CH,IS,14
CA,IS,14
RS,RU,14
FR,IS,14
GR,SG,14
KR,NG,14
FI,IS,14
MY,NL,14
FI,IR,14
CY,FR,14
MX,PE,14
EE,NL,14
NL,RO,14
KR,PL,14
BH,IR,14
FI,HU,14
SA,ZA,14
FR,VN,14
IT,VN,14
ES,IS,14
AT,CL,14
IN,JO,14
SG,TH,14
AR,BE,14
BG,GB,14
CL,IN,14
FR,QA,14
DK,RO,14
DK,PK,14
DE,NG,14
ES,TH,14
CH,RO,14
IE,TR,13
IE,NZ,13
CZ,IQ,13
BE,TW,13
HR,SI,13
HR,PL,13
IN,NZ,13
IN,PE,13
GR,IR,13
BE,NZ,13
GB,TZ,13
BE,LU,13
BR,EG,13
GB,PH,13
IR,ZA,13
IT,NG,13
BD,IT,13
BR,PK,13
BD,CH,13
BR,TH,13
KR,MX,13
FR,ID,13
KR,ZA,13
ET,GR,13
ES,SK,13
AU,EE,13
ES,LT,13
ES,HR,13
EG,PL,13
NL,QA,13
CZ,IR,13
CH,PK,13
DK,ZA,13
AR,TR,13
CH,SK,13
OM,SA,13
PK,QA,13
CL,GR,13
AR,DK,13
PL,ZA,13
PT,RO,13
DE,LB,13
CN,CO,13
RS,SE,13
RS,TR,13
CN,IS,13
CZ,TW,13
CO,NL,13
CN,PH,13
CZ,PT,13
CZ,IE,13
IE,ZA,13
IT,MA,12
NO,QA,12
AE,ES,12
GB,LK,12
NO,NZ,12
EG,LB,12
AT,NZ,12
IT,LV,12
DE,UY,12
CH,CY,12
BR,QA,12
NL,RS,12
CA,VN,12
AU,JO,12
BR,MY,12
NL,TH,12
AT,JO,12
CY,DE,12
CY,ES,12
CY,IT,12
BG,FR,12
BG,PL,12
LT,SE,12
PK,TW,12
GB,UY,12
AU,PE,12
PK,SG,12
PK,RO,12
LT,PL,12
KZ,US,12
AR,PT,12
AM,RU,12
ES,TN,12
LK,US,12
CA,JO,12
MA,US,12
IN,KW,12
IR,MY,12
AE,JO,12
NO,TR,12
CH,MY,12
NO,RU,12
BE,EG,11
BE,PK,11
BD,DE,11
RU,TR,11
AT,SI,11
KR,PH,11
NL,PK,11
BR,SA,11
DE,ID,11
AE,MY,11
NO,PK,11
AT,TW,11
AE,GR,11
IL,TR,11
MW,US,11
ID,SA,11
DK,LU,11
BG,ES,11
CH,HR,11
MY,SE,11
IN,VN,11
DK,MX,11
ID,IN,11
BD,NL,11
IQ,IR,11
AT,IS,11
EG,JO,11
MX,ZA,11
HR,HU,11
BE,CL,11
IL,IR,11
BE,SK,11
MY,PT,11
PL,RS,11
CL,SE,11
AU,HR,11
HR,SE,11
BE,SI,11
CL,PE,11
DK,HR,11
QA,SA,11
NZ,TW,11
BE,SA,11
GB,ZW,10
CA,UG,10
DE,GH,10
HU,RO,10
CO,PE,10
SY,US,10
ID,TH,10
ES,LB,10
AU,BH,10
IN,IQ,10
BF,FR,10
BG,RU,10
CN,PE,10
KR,PT,10
AU,RO,10
JO,MY,10
CA,ID,10
AU,MT,10
ES,VN,10
MX,RU,10
AU,TN,10
BR,ST,10
EG,ZA,10
EG,TW,10
EG,TN,10
EG,SE,10
AT,PK,10
AU,KE,10
EG,KW,10
CA,OM,10
MY,NG,10
EG,ID,10
IR,TW,10
EE,IT,10
GB,OM,10
MX,PL,10
EC,MX,10
CA,PH,10
EC,GB,10
NO,TW,10
AR,UY,10
IR,PT,10
DK,TW,10
CH,TH,10
NZ,SG,10
FR,NG,10
OM,US,10
PA,US,10
TH,VN,10
BO,US,10
DK,MY,10
BY,US,10
AR,IL,10
IL,TW,10
GB,UA,10
CA,SI,10
CL,PY,10
BE,RO,10
PL,TW,10
IL,ZA,10
CL,UY,10
SG,ZA,10
HR,PT,10
RW,US,10
SA,TW,10
CU,US,9
BN,PK,9
BE,HR,9
IQ,PK,9
HR,RS,9
LV,US,9
KR,NZ,9
BE,PE,9
AE,BR,9
ID,JO,9
PL,SI,9
HU,TR,9
GH,ZA,9
GR,IE,9
SE,SK,9
FR,RE,9
BE,QA,9
SA,SD,9
TZ,ZA,9
CN,LU,9
IR,NZ,9
AO,BR,9
IE,RU,9
MY,TH,9
CA,LK,9
HU,RU,9
ZA,ZW,9
AT,RS,9
CN,GH,9
UG,ZA,9
PT,ZA,9
HU,IL,9
CZ,PK,9
MA,TR,9
GB,GM,9
CA,GH,9
IT,TN,9
BD,FR,9
IR,NO,9
FR,SK,9
NZ,ZA,9
IT,LT,9
AR,SG,9
BE,MY,9
FR,UA,9
LU,SE,9
PK,TH,9
DE,LT,9
MY,NZ,9
DK,RS,9
FI,TW,9
CH,KE,9
EG,RO,9
BR,CU,9
AU,PH,9
IS,NO,9
IS,JP,9
CZ,HR,9
EE,NO,9
IR,SG,9
GR,SA,9
NG,SA,9
EE,FR,9
RS,SI,9
EE,ES,9
AU,LB,9
CZ,SA,9
RS,SK,9
FR,TH,9
RO,SA,8
ID,TR,8
AE,QA,8
GT,MX,8
EC,IT,8
BW,US,8
RO,UA,8
EC,FR,8
IE,IR,8
GT,US,8
DZ,TN,8
DZ,FR,8
KR,LK,8
FI,TR,8
AT,TH,8
CN,RS,8
KE,UG,8
NP,SE,8
ES,ID,8
IE,MY,8
LB,SA,8
DK,SK,8
DK,SI,8
CN,IQ,8
MA,SA,8
CN,HR,8
OM,PK,8
AR,PE,8
CZ,MY,8
PH,TW,8
CL,CR,8
AG,US,8
ES,MK,8
RU,SG,8
LV,SE,8
CL,EC,8
AE,FR,8
CN,EE,8
PK,RU,8
KW,SA,8
ES,LV,8
RU,TW,8
CL,IL,8
LU,NL,8
BA,GB,8
JP,NP,8
BA,IT,8
AR,CZ,8
MY,OM,8
CU,ES,8
CA,SK,8
GH,NL,8
PL,SG,8
CO,SE,8
FI,MY,8
AE,ZA,8
SG,VN,8
PT,TW,8
ES,NG,8
PY,US,8
BR,MZ,8
CH,GH,8
ES,QA,8
AE,PT,8
CZ,RS,8
CH,CO,8
JP,PH,8
GB,KW,8
US,ZW,8
EG,MX,8
CN,YE,8
GB,LT,8
ES,PY,8
EG,SG,8
GB,MT,8
MX,NO,7
AE,IQ,7
FI,HR,7
BY,PL,7
FI,PK,7
KR,PE,7
FR,MC,7
JP,SI,7
CA,RS,7
AU,CY,7
MY,QA,7
ES,MA,7
ES,LU,7
JP,KE,7
NG,PK,7
AT,UA,7
AT,SA,7
BR,SK,7
AE,DK,7
CO,IL,7
BR,RO,7
BD,ID,7
CH,EE,7
AT,LT,7
BR,MN,7
IT,KZ,7
GB,MA,7
NO,SI,7
IR,RO,7
NO,TH,7
CZ,RO,7
IL,UA,7
CH,QA,7
BE,GH,7
CH,TZ,7
PK,PT,7
BO,GB,7
AE,KR,7
CZ,MX,7
GB,ZM,7
IE,IL,7
BN,MY,7
DK,EE,7
GH,KE,7
GH,NG,7
BE,RS,7
GR,MY,7
PT,UY,7
QA,SE,7
HR,IL,7
IE,KR,7
RU,SA,7
CN,GE,7
IN,NG,7
HU,KR,7
HU,NO,7
CN,KE,7
SE,UA,7
ZA,ZM,7
DE,EC,7
CO,UY,7
CZ,UA,7
CN,MN,7
IL,MX,7
CY,JP,7
CY,NO,7
CA,EC,7
AU,SI,7
MA,RO,7
CA,JM,7
MT,US,7
ES,UA,7
MY,ZA,6
AE,AT,6
AE,NL,6
AE,OM,6
AG,CO,6
AM,DE,6
AR,EC,6
AR,KR,6
AR,PL,6
AR,RU,6
AR,TW,6
AT,ZA,6
AU,AZ,6
AU,BJ,6
AU,KW,6
AU,OM,6
AU,SK,6
BA,ES,6
BD,DK,6
BD,EG,6
BD,ES,6
BD,SG,6
BE,BG,6
BE,KN,6
BE,MT,6
BG,GR,6
BG,RO,6
BH,GB,6
BN,CN,6
BR,CR,6
CA,CY,6
CA,HR,6
CA,KE,6
CA,KZ,6
CA,UY,6
CH,ID,6
CH,SA,6
CH,UA,6
CL,IE,6
CL,NO,6
CL,ZA,6
CN,TN,6
CN,UA,6
CO,EC,6
CO,GT,6
CO,IN,6
CR,MX,6
CY,ZA,6
DE,ET,6
DE,JO,6
DE,TN,6
DK,SA,6
DZ,IR,6
EE,IN,6
EE,IS,6
EG,IL,6
EG,NO,6
EG,OM,6
EG,RU,6
EG,VN,6
ES,GH,6
ES,IQ,6
ES,KZ,6
ES,PA,6
ES,PS,6
FI,NZ,6
FR,JO,6
FR,KE,6
GR,HR,6
GR,MX,6
GR,RU,6
GR,SK,6
HR,RU,6
HU,NZ,6
HU,SG,6
HU,SI,6
HU,SK,6
IR,TH,6
IS,TH,6
IT,UY,6
KE,NL,6
LB,NL,6
LB,QA,6
LT,LV,6
LT,PT,6
MK,PT,6
MX,TR,6
MY,PL,6
MY,RU,6
NO,RS,6
NO,SK,6
NP,TH,6
NP,TW,6
NZ,PL,6
PE,PT,6
PK,SD,6
PS,US,6
PT,RS,6
PT,SA,6
QA,TN,6
RU,ZA,6
TR,TW,6
TW,ZA,6
US,VE,6
IE,PK,5
CA,EE,5
CO,FI,5
LB,TN,5
IE,KN,5
BF,CA,5
IN,UY,5
NP,SG,5
CN,LB,5
MX,PY,5
RU,SI,5
BG,NZ,5
RO,SK,5
AU,MA,5
NP,VN,5
HR,NO,5
BE,LV,5
ID,PL,5
GR,SI,5
NZ,PH,5
BD,SE,5
RO,RU,5
NZ,PT,5
NZ,QA,5
RO,RS,5
QA,ZA,5
GB,LV,5
EG,SD,5
KN,ZA,5
PT,TN,5
PT,TH,5
BW,CN,5
IT,NE,5
CZ,SI,5
CO,CU,5
BR,CY,5
CL,CZ,5
BE,CD,5
EC,IN,5
CA,KW,5
OM,QA,5
CA,LU,5
CO,KH,5
PK,YE,5
GB,MK,5
CN,SK,5
DE,MD,5
GB,MN,5
IR,MA,5
AR,NZ,5
DK,QA,5
EG,ET,5
GH,JP,5
BR,GT,5
AR,HU,5
BR,HU,5
GH,IT,5
BR,ID,5
CN,UZ,5
AZ,GB,5
CO,GR,5
DE,UG,5
DK,PE,5
TN,TR,5
PE,SE,5
FI,QA,5
DE,MA,5
IR,KZ,5
BE,ET,5
MY,NO,5
MY,NP,5
IN,SI,5
FR,PE,5
TJ,US,5
CY,DK,5
CA,ZM,5
IN,UG,5
TR,ZA,5
BR,TN,5
AU,MC,5
BE,ID,5
MT,NL,5
MX,PH,5
DZ,ES,5
CH,NG,5
TH,ZA,5
BE,LT,5
BR,NG,5
DK,GW,5
MX,SG,5
FI,SA,5
CH,LU,5
FR,GN,5
JP,RO,5
GR,PK,5
MN,US,5
LV,PL,5
CN,JO,5
BR,MT,5
NL,PE,5
CN,SI,5
BE,KE,5
AT,PE,5
IL,SI,5
CL,FI,5
CU,DE,5
AT,MX,5
CL,VE,5
BN,ID,5
DO,US,5
DE,ZM,5
CY,PT,5
LU,PT,5
CO,VE,5
ES,MT,5
GH,SA,5
DZ,US,5
CO,ID,5
NL,TZ,5
BR,LU,5
NL,UG,5
CD,GB,5
LU,NO,5
CM,ZA,5
CA,CU,5
MY,VN,5
FR,SN,5
FR,GH,5
DE,PE,5
HR,IR,5
AT,EE,5
GD,SA,5
AU,PY,5
NO,RO,5
GD,IT,5
BE,EE,5
NO,SA,5
BG,CZ,5
AT,CO,5
BE,NP,5
FR,MT,5
BR,RS,5
SG,SK,5
AE,PL,5
SE,VN,5
GB,YE,5
AE,SE,5
SE,TH,5
AE,TR,5
CO,EG,5
EE,PL,4
CH,MA,4
MX,SA,4
IN,TZ,4
DK,GL,4
GR,MK,4
MX,TW,4
FI,MX,4
BA,FR,4
MX,VE,4
BR,PY,4
JP,UA,4
GR,NZ,4
JP,VE,4
GR,PE,4
AU,BY,4
CO,IE,4
BY,DE,4
CL,IR,4
MZ,US,4
FR,GP,4
GR,UA,4
ES,KE,4
GR,VN,4
KE,NG,4
GR,ZA,4
FI,RO,4
NG,SE,4
BR,PA,4
ES,KW,4
FR,UY,4
KE,PL,4
NG,UG,4
BE,TH,4
CA,TZ,4
NI,US,4
BY,CN,4
KE,SE,4
IS,KR,4
CA,TN,4
BD,TR,4
CL,TR,4
CZ,EG,4
GB,JM,4
AT,ID,4
IQ,JO,4
KG,PK,4
KG,RU,4
IQ,KR,4
HR,JP,4
US,UZ,4
AZ,TR,4
BW,ZA,4
BH,US,4
BR,KW,4
CZ,UZ,4
BH,SA,4
AR,RO,4
KR,MA,4
GB,ML,4
IT,KW,4
IN,PH,4
HU,IE,4
AE,BD,4
HU,IR,4
IT,LK,4
DE,MK,4
AZ,IR,4
BE,VN,4
GB,NA,4
HU,LV,4
HU,MX,4
CH,ZW,4
AR,GR,4
PK,TT,4
KR,SI,4
KR,SK,4
PK,ZA,4
HU,RS,4
IQ,NO,4
HU,SA,4
CH,JO,4
CA,LT,4
AR,AT,4
KR,UG,4
PL,TN,4
CH,UY,4
FR,KH,4
GB,PS,4
DE,SD,4
CH,UG,4
ES,VE,4
PS,SG,4
CA,IQ,4
GB,PY,4
EG,IE,4
CH,TN,4
AM,US,4
DE,MT,4
FR,KW,4
BY,FR,4
CA,GT,4
BO,MX,4
FR,KZ,4
IT,PH,4
ET,IT,4
QA,SG,4
KZ,NO,4
QA,TR,4
CH,MW,4
RO,SG,4
GB,SS,4
CN,LK,4
AU,TZ,4
CA,ET,4
AL,CH,4
DE,KE,4
FR,LV,4
BG,NL,4
ID,VN,4
BB,US,4
LB,PL,4
AE,CZ,4
BO,CO,4
LB,SG,4
LB,SY,4
LB,TH,4
IE,MX,4
BO,CL,4
BG,IN,4
SD,SE,4
SD,US,4
LK,MY,4
SE,UG,4
FR,ML,4
FR,MQ,4
EC,PE,4
IE,TH,4
UA,ZA,4
GD,JP,4
BG,CN,4
LT,SA,4
SL,US,4
DE,SY,4
EC,PK,4
BB,GB,4
CO,IR,4
CN,KW,4
CO,RS,4
CO,PL,4
BF,US,4
FI,ID,4
IL,NZ,4
CO,NZ,4
CR,FR,4
CY,NL,4
AU,NP,4
IL,RO,4
LV,NL,4
BF,NL,4
BY,NL,4
IL,SK,4
IL,TH,4
CU,IT,4
CU,NL,4
CN,EC,4
CN,ET,4
CO,JP,4
BF,GB,4
BF,DE,4
IN,IS,4
DE,TZ,4
DZ,PT,4
IR,KW,4
CM,GB,4
AU,MM,4
DE,LK,4
EG,PT,4
JO,OM,4
BN,JO,4
JO,PK,4
EC,VE,4
JO,QA,4
IN,LV,4
MK,NL,4
CY,PK,4
MK,RS,4
CH,PE,4
MK,US,4
BE,EC,4
GH,SE,4
MM,TH,4
MM,US,4
EG,SY,4
BE,CU,4
EG,TH,4
GH,ZM,4
CD,US,4
GM,US,4
IR,OM,4
BE,UA,4
DK,EG,4
EG,YE,4
DK,FO,4
CY,IN,4
BJ,US,4
CL,KR,4
CY,SE,4
JP,PE,4
BA,NL,4
BJ,GB,4
MW,ZA,4
GR,LB,4
MX,NG,4
JP,QA,4
MX,PA,4
MX,PK,4
AU,LU,4
JP,RS,4
BG,MX,3
CZ,LT,3
MD,US,3
DK,LV,3
RU,UZ,3
MT,SE,3
FR,IQ,3
FI,ZA,3
RW,SE,3
LB,PT,3
GR,TN,3
LB,RO,3
AU,FJ,3
TW,YE,3
CL,SG,3
LB,SE,3
IR,QA,3
BE,CM,3
DK,UA,3
AU,MK,3
NP,PK,3
ET,OM,3
LB,TR,3
ET,PK,3
CG,CH,3
BG,JP,3
GB,KZ,3
FR,TZ,3
HR,LT,3
MK,PL,3
BO,CA,3
NO,VN,3
BO,BR,3
FR,MK,3
DE,OM,3
LK,MA,3
BG,HU,3
BG,HR,3
EE,PK,3
AR,VE,3
AE,TW,3
IS,SG,3
AE,TH,3
DK,VN,3
JO,SY,3
NO,UA,3
BN,US,3
FJ,GB,3
CO,DK,3
NO,TZ,3
SE,TZ,3
AR,ZA,3
CL,LU,3
LK,PL,3
AT,BA,3
BR,LB,3
SE,ZW,3
LK,SG,3
AT,BD,3
BA,DK,3
FI,LU,3
AE,NG,3
CD,DE,3
CO,KR,3
AT,BG,3
LT,NO,3
CN,TZ,3
BI,US,3
BW,DK,3
IN,MA,3
IE,TW,3
KG,US,3
DK,ID,3
CZ,KE,3
IE,YE,3
CA,DZ,3
CD,NZ,3
LT,RS,3
BG,CH,3
LT,RU,3
BA,TR,3
ES,MZ,3
BG,CA,3
MY,YE,3
DE,RE,3
GD,PK,3
GH,PT,3
MU,US,3
BG,BR,3
IL,KE,3
GB,KG,3
AU,BO,3
IL,LB,3
IL,LU,3
IN,MW,3
MX,UY,3
DE,TJ,3
CH,LT,3
FI,GH,3
JP,KZ,3
DK,LB,3
DO,MX,3
IR,RS,3
NL,UY,3
IL,MY,3
CN,KG,3
MX,MY,3
CO,TW,3
BE,CY,3
JP,LK,3
IL,PE,3
MN,NL,3
IQ,IT,3
LU,PL,3
BD,TN,3
BE,NG,3
TH,TR,3
CO,NO,3
MY,TN,3
MX,NZ,3
CZ,TH,3
EC,PT,3
MN,PT,3
FJ,US,3
MW,NO,3
GE,PL,3
BJ,CA,3
GR,IS,3
CO,NG,3
KE,TZ,3
AT,MY,3
BY,NZ,3
LV,NO,3
JP,LU,3
AT,OM,3
MX,RO,3
BA,NO,3
NL,OM,3
CA,MT,3
BE,JO,3
EE,SG,3
GM,NG,3
BH,IT,3
DE,MZ,3
BH,IN,3
BI,FR,3
PE,ZA,3
KR,OM,3
GB,NE,3
KR,QA,3
HU,LU,3
EE,LT,3
PH,SG,3
PH,TH,3
BD,NP,3
KR,RS,3
AR,MT,3
PH,ZA,3
AR,NO,3
FI,SK,3
BA,CH,3
CZ,ZA,3
CA,MK,3
BR,HR,3
KR,NP,3
BR,HN,3
EG,NZ,3
AR,GT,3
DE,RW,3
DZ,EG,3
AR,FI,3
BE,TN,3
AR,EG,3
ES,GT,3
BH,GR,3
MW,SE,3
CH,LB,3
PK,VN,3
DK,NG,3
FI,RS,3
IT,MD,3
IT,MK,3
BA,DE,3
GM,ZA,3
OM,RO,3
AZ,BR,3
FI,KW,3
DE,PS,3
CH,NP,3
BE,MK,3
EG,HR,3
AU,MW,3
OM,PL,3
IQ,OM,3
NG,PT,3
AE,FI,3
CZ,NZ,3
IT,MV,3
CO,CR,3
BH,CH,3
PL,UZ,3
HR,SG,3
BR,PH,3
FR,PH,3
AU,CU,3
JP,MT,3
MA,MY,3
PS,SA,3
IN,SK,3
HU,ZA,3
KW,LB,3
MA,NL,3
BG,ZA,3
MA,PK,3
NZ,VN,3
IT,KE,3
NG,NO,3
CN,MA,3
CN,PA,3
FR,PS,3
CN,LV,3
IR,SK,3
AU,UY,3
BD,RU,3
DE,IQ,3
NG,NL,3
MA,SE,3
PT,UA,3
GB,SD,3
CL,PL,3
AU,UG,3
PT,VN,3
BD,IQ,3
ID,LB,3
ID,MA,3
IT,OM,3
CM,FR,3
IN,KE,3
EE,JP,3
GR,TW,3
ID,MX,3
BG,SK,3
NA,ZA,3
ID,NO,3
ID,NP,3
MA,ZA,3
QA,SK,3
CL,PA,3
ES,JO,3
ID,NZ,3
ID,PE,3
BH,SE,3
MC,US,3
BR,KH,3
DK,MK,3
IN,LB,3
KN,PL,3
BE,UY,3
BR,SI,3
DK,MA,3
AU,UA,3
RO,TN,3
CY,PL,3
GH,KW,3
ID,RU,3
CZ,NG,3
ET,JP,3
JP,NG,3
BD,FI,3
BG,PT,3
CN,CY,3
CH,ET,3
CH,MN,3
CZ,PE,3
BE,CO,3
BE,IS,3
HR,MY,3
CH,EC,3
GB,TN,3
NA,US,3
AG,IR,3
HR,MX,3
RU,SK,3
DE,MW,3
RU,TH,3
IQ,SE,3
GH,MY,3
DE,KH,3
FR,GF,3
IN,LK,3
IT,SD,3
VN,ZW,2
DZ,GB,2
FI,LT,2
IN,KZ,2
CN,DZ,2
IN,LU,2
FI,MD,2
IN,MM,2
IN,MT,2
FI,MK,2
FI,MT,2
FI,MW,2
BE,UG,2
BE,SN,2
BY,GB,2
IN,PS,2
FI,NP,2
CN,CU,2
IN,RS,2
DE,JE,2
BY,ES,2
BY,DK,2
IN,TN,2
IN,TT,2
IN,UA,2
DE,JM,2
IN,YE,2
IQ,KW,2
FI,SI,2
IQ,MA,2
IQ,MX,2
IQ,NG,2
BW,VN,2
IQ,PL,2
CN,CR,2
FI,UA,2
DE,KN,2
FJ,IN,2
IQ,TN,2
IQ,TR,2
CZ,IS,2
IQ,ZA,2
IR,JM,2
FO,GR,2
IR,KE,2
FO,NO,2
DZ,RU,2
IR,MX,2
IR,PE,2
BE,CR,2
BE,BY,2
IR,SA,2
CM,NG,2
IR,TN,2
BE,BF,2
BW,JM,2
BW,IR,2
IR,VN,2
IR,YE,2
BD,UG,2
BD,TW,2
DE,MC,2
BW,GB,2
IS,PK,2
IS,PL,2
IS,PT,2
BW,ET,2
BW,DE,2
IS,ZA,2
IT,KH,2
BD,PT,2
BD,PH,2
DE,MN,2
IT,MC,2
BD,NG,2
IT,MU,2
BD,MA,2
BD,IR,2
IT,PA,2
BD,GH,2
IT,PY,2
FR,LT,2
CZ,LB,2
BD,BR,2
CH,MT,2
BD,BE,2
FR,MG,2
IT,SS,2
EC,NL,2
FR,MW,2
BT,GB,2
EC,PL,2
FR,NC,2
FR,NE,2
IT,ZW,2
FR,NP,2
DE,NA,2
FR,OM,2
FR,PA,2
FR,PF,2
CM,MA,2
JM,VN,2
JO,JP,2
EC,RU,2
JO,LB,2
JO,MA,2
CM,EG,2
EC,UY,2
EC,ZA,2
JO,RU,2
JO,TH,2
CH,ML,2
BR,VE,2
JO,ZA,2
CY,SA,2
JP,KW,2
CM,DE,2
CM,CN,2
JP,MA,2
JP,MD,2
JP,MN,2
AE,IE,2
BA,RU,2
BR,SD,2
AE,ID,2
JP,PS,2
BA,IE,2
BA,HR,2
BA,GR,2
JP,SK,2
BA,CZ,2
JP,UY,2
DE,PY,2
KE,LV,2
CH,LV,2
GB,GD,2
GB,GE,2
KE,MY,2
TZ,UG,2
KE,NO,2
KE,NZ,2
BR,OM,2
EE,PT,2
KE,PT,2
EE,RU,2
KE,SA,2
BR,ML,2
CL,TW,2
BR,MD,2
CY,FI,2
GB,JE,2
EE,VN,2
KG,TR,2
GB,KH,2
GB,KN,2
BR,LA,2
GB,LA,2
BR,KZ,2
AZ,RU,2
BR,KN,2
GB,LY,2
KR,KZ,2
BR,KE,2
GB,MD,2
KR,LU,2
KR,MN,2
BR,JO,2
EG,FI,2
AZ,JO,2
KR,PA,2
CH,KZ,2
KR,PF,2
GB,MZ,2
KR,RO,2
CN,UY,2
AZ,CH,2
CO,LB,2
GB,PA,2
AU,ZM,2
KR,UZ,2
EG,HU,2
BR,ET,2
BR,EE,2
BR,CD,2
CL,TH,2
GB,RW,2
BO,UY,2
CH,GT,2
KW,VN,2
KZ,LT,2
BO,IT,2
CH,GN,2
GB,SN,2
KZ,PL,2
CH,GE,2
KZ,UA,2
GB,SY,2
LA,ML,2
LA,TH,2
LB,MA,2
LB,MX,2
LB,MY,2
BO,FR,2
LB,NO,2
GB,TT,2
LB,PE,2
LB,PK,2
EG,KE,2
CL,SA,2
GB,XK,2
BN,TR,2
CH,CU,2
BN,SA,2
AE,CY,2
LT,NL,2
LT,PK,2
LT,TW,2
GD,PL,2
CL,RS,2
AU,PG,2
GE,IN,2
GE,IT,2
CG,US,2
CG,UG,2
CL,RO,2
LV,PT,2
GE,RU,2
AU,NA,2
GE,TR,2
LV,TW,2
LV,ZA,2
EG,PE,2
LY,US,2
GH,GR,2
MA,NG,2
MA,PS,2
MA,PT,2
GH,HR,2
GH,ID,2
GH,IL,2
MA,TN,2
BN,JP,2
GH,KR,2
CL,NZ,2
MD,PT,2
MD,RU,2
CY,IL,2
ME,RS,2
MG,US,2
MK,MY,2
GH,NZ,2
GH,PE,2
MK,RO,2
MK,RU,2
MK,SE,2
MK,SG,2
MK,SK,2
MK,TR,2
MK,TW,2
MK,ZA,2
CD,ZM,2
ML,TH,2
CD,ZA,2
CL,MY,2
MN,MX,2
GH,TH,2
GH,UG,2
BN,GB,2
MN,ZA,2
MQ,PF,2
GN,NG,2
CL,MN,2
CD,SE,2
MT,NO,2
CY,VN,2
MT,PT,2
CY,LB,2
MT,RU,2
MT,TW,2
CD,PK,2
CN,PS,2
BJ,IE,2
DK,GH,2
ES,GE,2
GR,KW,2
MW,UG,2
GR,KZ,2
GR,LK,2
AU,LV,2
GR,LU,2
GR,LV,2
GR,MA,2
AU,KZ,2
AU,KH,2
MX,TZ,2
BJ,ES,2
BJ,DE,2
AU,JM,2
BJ,CZ,2
AU,IQ,2
AU,EC,2
MY,PE,2
MY,PH,2
ES,HN,2
AU,DO,2
AU,CR,2
BJ,CL,2
MY,SN,2
CN,OM,2
AU,BG,2
MZ,PT,2
CD,DK,2
CL,HU,2
CN,NA,2
CA,ZW,2
BI,GB,2
NG,PL,2
NG,QA,2
NG,RO,2
AU,BA,2
NG,SK,2
NG,SL,2
CL,GT,2
NG,TH,2
CZ,EE,2
NG,TW,2
NG,UA,2
ES,LK,2
DK,JM,2
CA,UA,2
GT,PT,2
NL,NP,2
DK,JO,2
ES,MD,2
NL,PH,2
AT,QA,2
NL,RW,2
AT,MK,2
DK,KE,2
AT,LV,2
AT,LU,2
CN,MW,2
NL,UA,2
NL,VN,2
BI,CH,2
NL,ZW,2
HR,IN,2
NO,PE,2
AT,EC,2
AE,BH,2
CO,HU,2
HR,KR,2
NO,TN,2
NO,UG,2
DK,LT,2
ES,NE,2
CY,IR,2
ES,NI,2
CA,SN,2
ES,OM,2
NZ,PE,2
AR,SI,2
ES,PH,2
NZ,RU,2
HR,QA,2
HR,RO,2
DK,MT,2
NZ,TH,2
NZ,TR,2
CA,PS,2
BH,PK,2
OM,SE,2
CA,NP,2
HR,TR,2
OM,TR,2
OM,TW,2
CL,CU,2
HR,UA,2
CY,MY,2
CA,MW,2
HT,US,2
PA,UY,2
PA,VE,2
CN,MK,2
HU,JO,2
PE,SK,2
PE,TH,2
CI,FR,2
HU,LT,2
PF,US,2
CY,EE,2
PG,US,2
HU,MK,2
AR,MY,2
PH,ZM,2
HU,MN,2
HU,MY,2
AR,IE,2
BH,IE,2
TT,US,2
HU,PK,2
PK,UG,2
CA,MD,2
DE,DZ,2
PL,QA,2
AR,CR,2
AR,BD,2
CN,MD,2
AO,US,2
PL,TH,2
CO,GH,2
PL,UG,2
PL,VN,2
HU,TW,2
HU,UA,2
BH,CA,2
ID,IE,2
PT,PY,2
PT,QA,2
ID,IQ,2
ID,IR,2
PT,SI,2
PT,SK,2
ET,FR,2
BG,TR,2
AM,IT,2
ET,GH,2
CA,GP,2
PY,SG,2
AM,FR,2
SZ,US,2
ET,IQ,2
CN,LT,2
VN,ZA,2
ID,PH,2
BG,SE,2
RO,SI,2
RO,TH,2
ID,PT,2
BG,RS,2
RO,ZA,2
ET,KE,2
AL,ES,2
ID,SK,2
RS,UA,2
ID,TN,2
RU,RW,2
BG,NO,2
AG,KH,2
RU,SY,2
AG,IN,2
RU,TO,2
ET,KW,2
ET,LC,2
DE,GA,2
ET,MY,2
RU,VN,2
ET,NG,2
IE,JO,2
ET,NL,2
AF,US,2
ET,NO,2
ET,NP,2
AF,SA,2
SA,SG,2
SA,SK,2
SA,SY,2
SA,TH,2
IE,MT,2
BG,IR,2
IE,PH,2
ET,SE,2
SC,TW,2
CO,KW,2
SE,SY,2
BG,EE,2
AE,SG,2
BG,DK,2
AE,RS,2
SG,SI,2
IE,SI,2
AE,NO,2
AE,MA,2
IE,SK,2
AE,LT,2
SG,UY,2
AE,LB,2
ET,TZ,2
IE,UA,2
BG,CY,2
IE,VN,2
SK,TR,2
SK,UA,2
AE,JP,2
ET,VN,2
SL,ZA,2
IL,JE,2
SN,US,2
IL,JO,2
BF,ZA,2
IL,KW,2
ET,ZA,2
CO,CZ,2
DO,GB,2
CO,SG,2
CO,XK,2
CO,ZA,2
IL,PK,2
CR,DE,2
CR,GB,2
CA,CD,2
IL,PS,2
BF,NO,2
BY,UZ,2
CR,NL,2
IL,RS,2
CO,MY,2
CU,IN,2
CU,MX,2
BF,KE,2
BY,KZ,2
BF,IT,2
IL,VN,2
CU,UY,2
CU,GT,1
CU,IE,1
CU,MY,1
CU,PA,1
CU,SE,1
CU,SG,1
CU,TH,1
CU,TW,1
CO,MD,1
CU,ZA,1
CV,PT,1
CW,NL,1
CO,MA,1
PG,PL,1
CO,LT,1
CY,HU,1
CY,IE,1
CO,KE,1
CY,KG,1
CY,KH,1
CY,KR,1
CY,KW,1
CY,LV,1
CY,MD,1
CY,MK,1
CY,NG,1
CY,RS,1
CY,SI,1
CO,JO,1
CY,UY,1
SY,VN,1
CO,IQ,1
CO,HR,1
CO,HN,1
CZ,GE,1
CZ,ID,1
CN,ZM,1
CZ,JO,1
CN,VE,1
CZ,KW,1
CZ,LV,1
CZ,MD,1
CZ,MK,1
CZ,MT,1
CZ,MW,1
CN,UG,1
CN,SY,1
CN,SV,1
CZ,QA,1
CN,SD,1
CN,RW,1
CZ,SG,1
CZ,SO,1
CZ,TJ,1
CN,MU,1
CN,MM,1
CN,ML,1
CZ,VN,1
CZ,XK,1
CZ,ZW,1
CN,MC,1
DE,GD,1
DE,GE,1
CN,KZ,1
DE,GN,1
CN,KN,1
CN,DO,1
TH,TN,1
DE,KW,1
DE,KZ,1
CM,SE,1
CM,PT,1
CM,NL,1
DE,MG,1
DE,MU,1
DE,MV,1
CM,MW,1
CM,MG,1
DE,PA,1
DE,PH,1
CL,VN,1
CL,TN,1
CL,TJ,1
DE,SB,1
CL,SI,1
DE,SV,1
DE,SZ,1
CL,PS,1
DE,VE,1
CL,NA,1
DE,XK,1
DK,EC,1
CL,MA,1
DK,ET,1
CL,LB,1
DK,GE,1
CL,KH,1
CL,KE,1
CL,JM,1
CL,HR,1
CL,HN,1
CL,GM,1
DK,KH,1
CL,DZ,1
DK,KW,1
DK,KZ,1
DK,LK,1
CL,DO,1
DK,MD,1
CL,CY,1
CI,US,1
CI,JP,1
DK,PA,1
CI,GM,1
CH,VN,1
CH,VE,1
AE,IL,1
CH,TT,1
CH,TD,1
DK,TH,1
DK,TJ,1
CH,SS,1
CH,SN,1
DK,TZ,1
DK,UG,1
CH,PY,1
DK,UY,1
CH,PS,1
DK,ZW,1
DO,ES,1
DO,TW,1
DZ,EC,1
CH,PF,1
DZ,HU,1
DZ,ID,1
DZ,IL,1
DZ,IQ,1
TH,UG,1
DZ,IT,1
DZ,JO,1
DZ,JP,1
DZ,KE,1
DZ,KW,1
DZ,LB,1
DZ,MA,1
DZ,MN,1
DZ,MX,1
DZ,NA,1
DZ,PK,1
DZ,PS,1
DZ,RO,1
DZ,SA,1
DZ,TR,1
DZ,VE,1
DZ,ZA,1
CH,NA,1
EC,GR,1
EC,GT,1
EC,HU,1
EC,IL,1
EC,IR,1
EC,KE,1
EC,MA,1
EC,MN,1
EC,NA,1
EC,PS,1
EC,QA,1
EC,RO,1
EC,RS,1
EC,SE,1
EC,TN,1
EC,TR,1
CH,MM,1
CH,MK,1
CH,MD,1
EE,GE,1
EE,GR,1
EE,HR,1
EE,IE,1
EE,IR,1
EE,KR,1
EE,NG,1
CH,LY,1
EE,TR,1
EE,TT,1
EE,TW,1
CH,LA,1
EG,GE,1
EG,GH,1
CH,IQ,1
TH,YE,1
CH,GA,1
EG,KH,1
CH,DZ,1
EG,KZ,1
CH,CM,1
EG,LT,1
CG,ZW,1
EG,MD,1
CG,ZA,1
CG,PK,1
TJ,TR,1
EG,PH,1
CG,NO,1
CG,GB,1
EG,PS,1
EG,PY,1
CG,FR,1
CG,ES,1
TJ,UA,1
EG,SK,1
EG,SO,1
EG,TO,1
CD,UG,1
CD,RW,1
EG,UY,1
EG,UZ,1
EG,ZM,1
ES,ET,1
ES,FO,1
CD,NG,1
ES,GA,1
CD,KE,1
ES,GM,1
CD,JP,1
CD,IT,1
CD,GH,1
CD,FR,1
CD,ET,1
AE,HU,1
CD,CM,1
CD,CH,1
ES,JE,1
TN,VE,1
CA,YE,1
CA,VE,1
CA,TT,1
ES,ME,1
ES,ML,1
ES,MN,1
ES,MU,1
ES,MW,1
CA,TJ,1
CA,SY,1
ES,NA,1
ES,NC,1
CA,SX,1
CA,SO,1
CA,SD,1
TN,YE,1
CA,RW,1
CA,RE,1
TN,ZA,1
CA,PG,1
CA,PF,1
CA,NA,1
CA,MZ,1
CA,MU,1
ES,SC,1
ES,SD,1
CA,MN,1
CA,MM,1
ES,SL,1
ES,ST,1
CA,LV,1
ES,TZ,1
ES,UG,1
CA,KN,1
CA,JE,1
ES,XK,1
CA,HT,1
ES,ZM,1
CA,FJ,1
ET,IR,1
ET,JM,1
ET,MW,1
ET,MZ,1
ET,NZ,1
ET,RW,1
ET,SG,1
ET,TH,1
ET,TT,1
ET,TW,1
FI,FO,1
CA,DO,1
CA,CR,1
CA,CM,1
CA,CG,1
BY,PT,1
BY,MX,1
FI,KE,1
FI,KH,1
BY,KG,1
FI,KZ,1
FI,LV,1
FI,MC,1
BY,GE,1
FI,NG,1
XK,ZA,1
FI,PA,1
FI,PE,1
BY,CZ,1
FI,TN,1
BW,SE,1
BW,NG,1
FI,UY,1
FI,VN,1
FJ,MY,1
FJ,NL,1
FJ,PH,1
FK,NZ,1
FO,LU,1
FO,SE,1
FO,ZA,1
FR,GA,1
BW,KW,1
FR,GD,1
FR,GE,1
FR,GM,1
FR,GT,1
FR,HN,1
BW,IN,1
BW,GH,1
BW,CA,1
FR,JE,1
TR,UA,1
BT,US,1
AE,GH,1
BT,UG,1
BT,TZ,1
FR,LK,1
BT,TT,1
BT,NP,1
BT,MX,1
FR,MD,1
FR,MN,1
FR,MR,1
BT,MN,1
FR,NA,1
BT,CH,1
BS,VN,1
BS,US,1
BS,SE,1
BS,KR,1
BS,JP,1
BS,IE,1
FR,PY,1
BS,GB,1
BS,ES,1
BS,EG,1
BS,CH,1
BS,CA,1
BR,ZM,1
BR,YE,1
BR,VN,1
BR,UA,1
FR,TD,1
FR,TG,1
BR,TZ,1
FR,TJ,1
FR,TT,1
BR,RW,1
FR,UG,1
FR,VE,1
BR,PS,1
FR,ZM,1
FR,ZW,1
GA,MZ,1
GA,TZ,1
GA,US,1
GA,ZA,1
GB,GN,1
GB,GT,1
BR,NE,1
BR,NA,1
BR,MW,1
BR,MK,1
BR,MA,1
BR,LV,1
BR,LT,1
BR,LK,1
GB,MU,1
GB,MV,1
BR,JM,1
BR,IS,1
BR,IQ,1
GB,NI,1
BR,GM,1
BR,GH,1
GB,PG,1
BR,GD,1
BR,DZ,1
BR,BY,1
BR,BW,1
BO,PK,1
BO,IR,1
GB,ST,1
GB,SX,1
GB,SZ,1
BO,IN,1
BO,CZ,1
BO,CN,1
GB,VE,1
BN,SG,1
GD,IN,1
GD,KY,1
GD,TH,1
BN,RO,1
GE,HR,1
GE,IR,1
GE,LB,1
GE,LT,1
GE,PE,1
GE,RO,1
GE,SA,1
GE,TW,1
BN,PL,1
GF,MQ,1
BN,NL,1
GH,IQ,1
GH,JM,1
GH,MU,1
GH,MW,1
GH,MX,1
BN,IN,1
GH,NO,1
GH,NP,1
GH,PH,1
GH,PK,1
GH,QA,1
GH,SG,1
GH,TZ,1
GH,UA,1
GH,VN,1
GL,US,1
GM,UG,1
GN,PT,1
GN,SG,1
GN,SN,1
GN,TD,1
GN,UG,1
GP,IT,1
GP,MQ,1
TR,VN,1
BN,FR,1
GR,ID,1
BN,EG,1
BN,DK,1
GR,IQ,1
BJ,TN,1
GR,JE,1
BJ,GH,1
GR,KE,1
GR,MD,1
GR,MU,1
BJ,FR,1
GR,OM,1
GR,PA,1
BJ,CH,1
BJ,BW,1
TR,ZM,1
GR,RW,1
GR,SD,1
BI,MX,1
BI,IT,1
TT,TZ,1
GR,TH,1
GR,TJ,1
BI,IL,1
GR,UG,1
GR,UY,1
GR,XK,1
GT,IN,1
GT,IT,1
GT,JP,1
GT,NG,1
GT,NL,1
GT,PA,1
GT,PE,1
BI,ES,1
GT,UY,1
GW,NL,1
GY,US,1
HN,NL,1
HN,PA,1
HN,PH,1
HN,TW,1
HN,US,1
BI,DE,1
HR,ID,1
BI,CA,1
HR,KE,1
HR,LV,1
HR,MA,1
HR,MD,1
HR,ME,1
HR,MK,1
HR,MT,1
HR,NE,1
HR,NZ,1
HR,OM,1
HR,PE,1
HR,PK,1
BH,PL,1
TT,UG,1
HR,SA,1
BH,NO,1
HR,SK,1
HR,TJ,1
HR,TW,1
BH,MY,1
HT,SE,1
HU,ID,1
BH,MW,1
BH,MM,1
HU,IS,1
BH,JO,1
HU,KE,1
HU,NA,1
BH,HU,1
HU,PS,1
BH,GH,1
BH,EG,1
BH,CZ,1
BH,CN,1
TT,ZA,1
TT,ZW,1
HU,TH,1
HU,TN,1
HU,VE,1
HU,YE,1
ID,IL,1
BG,XK,1
BG,UY,1
BG,TW,1
ID,KE,1
ID,KW,1
ID,KZ,1
ID,LA,1
ID,MD,1
ID,MK,1
ID,MR,1
BG,SI,1
ID,RS,1
ID,SD,1
ID,SE,1
BG,OM,1
ID,YE,1
BG,NG,1
BG,LT,1
IE,IS,1
BG,KZ,1
IE,JM,1
BG,KW,1
IE,KE,1
BG,KR,1
IE,LB,1
IE,LT,1
IE,MU,1
IE,NG,1
BG,IQ,1
BG,IL,1
IE,PS,1
BG,GE,1
BG,FI,1
BG,DZ,1
IE,TN,1
BG,CO,1
IL,IS,1
IL,LV,1
IL,MA,1
IL,MD,1
IL,MK,1
IL,MN,1
IL,MT,1
BF,VN,1
IL,NA,1
BF,SN,1
BF,SE,1
IL,QA,1
IL,SA,1
BF,NG,1
BF,MW,1
IL,TN,1
BF,JP,1
BF,GH,1
IL,UY,1
IL,VE,1
BF,CM,1
BE,ZW,1
BE,ZM,1
IN,KN,1
BE,XK,1
IN,LT,1
IN,MK,1
IN,MU,1
IN,MV,1
BE,UZ,1
BE,TZ,1
BE,SD,1
IN,PG,1
BE,PS,1
BE,PH,1
BE,PF,1
BE,PA,1
BE,OM,1
IN,RW,1
BE,MQ,1
BE,MD,1
BE,KZ,1
IN,UZ,1
IN,VC,1
IN,VE,1
BE,KW,1
BE,KG,1
IN,ZM,1
IQ,LB,1
IQ,LT,1
IQ,NL,1
IQ,PH,1
BE,JE,1
IQ,PT,1
IQ,RO,1
IQ,RU,1
IQ,SG,1
IQ,SK,1
IQ,SN,1
IQ,SY,1
IQ,TH,1
BE,IQ,1
IQ,UZ,1
IQ,XK,1
IQ,YE,1
IR,IS,1
IR,JO,1
BE,GN,1
IR,LU,1
IR,LV,1
IR,MD,1
IR,ME,1
IR,MN,1
IR,NA,1
IR,NG,1
IR,PS,1
BE,BW,1
BE,BJ,1
AE,ET,1
BD,ZA,1
IR,UA,1
IR,UG,1
BD,XK,1
IR,VE,1
BD,VN,1
IS,KH,1
IS,NG,1
IS,RS,1
BD,TH,1
IS,TR,1
IS,TW,1
BD,RO,1
BD,QA,1
BD,PL,1
BD,OM,1
BD,NZ,1
BD,LU,1
IT,MZ,1
BD,LK,1
BD,KE,1
BD,IE,1
BD,HU,1
IT,PS,1
BD,EE,1
IT,RE,1
BD,EC,1
BD,CL,1
IT,RW,1
BB,UY,1
BB,SE,1
BB,RW,1
BB,PH,1
IT,TJ,1
BB,JM,1
BB,IN,1
IT,TT,1
BB,IE,1
IT,TZ,1
IT,UG,1
BB,ES,1
AE,AR,1
BB,CH,1
BB,CA,1
IT,ZM,1
JE,JP,1
JE,NL,1
JE,PT,1
JE,US,1
JE,ZA,1
JM,KR,1
JM,TH,1
JM,TR,1
BB,BS,1
JO,KR,1
JO,KW,1
JO,KZ,1
JO,LY,1
BA,ZA,1
JO,NL,1
JO,PE,1
JO,PS,1
JO,RO,1
BA,XK,1
JO,TN,1
JO,TR,1
BA,US,1
JO,YE,1
JP,KH,1
BA,SK,1
JP,LB,1
JP,LT,1
JP,ML,1
BA,SI,1
BA,SE,1
BA,SA,1
BA,RO,1
BA,QA,1
JP,OM,1
BA,NG,1
BA,KR,1
BA,IQ,1
JP,RW,1
JP,SY,1
BA,CY,1
BA,CN,1
JP,ZM,1
KE,KR,1
KE,LK,1
KE,MD,1
KE,MN,1
KE,MW,1
KE,MX,1
KE,NA,1
KE,NP,1
KE,PE,1
KE,PH,1
KE,PK,1
KE,PS,1
KE,RO,1
KE,RU,1
KE,SG,1
KE,SK,1
KE,SL,1
KE,SO,1
KE,TN,1
BA,BR,1
BA,BG,1
KE,VE,1
KE,VN,1
BA,BE,1
KG,KR,1
KG,KZ,1
KG,UA,1
KG,UZ,1
KH,MW,1
KH,MY,1
KH,NL,1
KH,PL,1
KH,SE,1
KH,SG,1
KN,NO,1
KN,RO,1
KN,TZ,1
KN,US,1
KR,KW,1
KR,LA,1
AZ,PL,1
KR,MD,1
KR,MM,1
KR,MV,1
AZ,NZ,1
AZ,NL,1
AZ,KZ,1
AZ,KR,1
AZ,KH,1
AZ,IT,1
AZ,IE,1
AZ,GE,1
KR,PY,1
AZ,FR,1
KR,RW,1
AZ,EG,1
KR,SD,1
AZ,DE,1
AZ,CN,1
KR,TJ,1
KR,TN,1
AU,ZW,1
KR,UA,1
KR,VE,1
AU,YE,1
KR,XK,1
KR,YE,1
AU,VE,1
KW,MA,1
KW,MD,1
KW,MY,1
KW,PK,1
KW,PT,1
KW,SE,1
KW,TN,1
KW,TR,1
KW,UY,1
KW,XK,1
KZ,NG,1
KZ,NL,1
KZ,OM,1
KZ,QA,1
KZ,SA,1
KZ,SI,1
AU,TT,1
KZ,UZ,1
LA,US,1
LA,ZA,1
AE,DZ,1
LB,OM,1
LB,PS,1
LB,RU,1
AU,SY,1
LB,TW,1
AU,SS,1
LB,ZA,1
LC,US,1
LK,NO,1
LK,NP,1
LK,NZ,1
AU,SN,1
LK,VN,1
LT,LU,1
LT,NZ,1
AU,SB,1
LT,RO,1
LT,SI,1
LT,TR,1
LT,UA,1
AU,PS,1
LT,ZA,1
LU,MT,1
LU,NG,1
LU,RE,1
LU,RO,1
AU,PA,1
LU,SK,1
LU,TW,1
LU,ZA,1
LV,MK,1
LV,RO,1
LV,RU,1
LV,SA,1
LV,SK,1
LY,SA,1
LY,TR,1
LY,ZA,1
MA,MX,1
AU,MU,1
MA,RS,1
AU,MN,1
MA,TH,1
AU,ML,1
MA,VN,1
MC,PF,1
MC,SE,1
MD,MY,1
MD,NL,1
MD,NO,1
MD,NZ,1
MD,PE,1
MD,PL,1
MD,SE,1
MD,SK,1
MD,UY,1
MD,VN,1
MK,NO,1
MK,PK,1
AE,CO,1
MK,QA,1
ML,MR,1
ML,US,1
ML,ZA,1
MM,MY,1
MM,PH,1
MM,SG,1
MN,NA,1
MN,NP,1
MN,PS,1
MN,RO,1
MN,RU,1
MN,SE,1
MN,TN,1
MN,TT,1
MN,TW,1
MN,TZ,1
MN,UG,1
MN,VE,1
MQ,RO,1
MQ,TN,1
MQ,US,1
MR,QA,1
MR,US,1
MT,PL,1
MT,RO,1
MT,SI,1
MT,SK,1
MU,MW,1
MU,NG,1
MU,PT,1
MU,TR,1
MU,ZA,1
MV,US,1
MW,NG,1
MW,NL,1
MW,RO,1
MW,RU,1
MW,RW,1
MW,SD,1
MW,SG,1
MW,SK,1
MW,TH,1
AU,MD,1
MX,NA,1
MX,NP,1
MX,PS,1
AU,LA,1
MX,QA,1
MX,SI,1
MX,TH,1
MX,TN,1
UG,VN,1
MX,TT,1
MX,UG,1
AU,KG,1
AU,JE,1
AU,DZ,1
AE,CH,1
MY,RO,1
UG,ZW,1
AU,BW,1
MY,SK,1
MY,SY,1
AU,BS,1
AU,BF,1
AD,IT,1
MZ,NG,1
MZ,NL,1
MZ,SE,1
MZ,TZ,1
MZ,ZA,1
NA,NG,1
NA,PS,1
NA,PT,1
NA,RO,1
NA,TN,1
NA,VE,1
NE,PA,1
NE,SE,1
NE,SG,1
NE,US,1
NG,PE,1
AU,BB,1
NG,RU,1
NG,RW,1
NG,SN,1
NG,TD,1
NG,TN,1
NG,TR,1
AT,ZM,1
NG,XK,1
AT,VN,1
NI,PE,1
AT,SD,1
AT,RE,1
NL,PA,1
AT,NG,1
AT,MW,1
AT,MD,1
AT,MA,1
NL,SR,1
AT,LK,1
AT,LB,1
AT,KE,1
NL,VE,1
AT,GE,1
AT,FO,1
AT,ET,1
AT,CY,1
AT,CU,1
NO,SD,1
AT,BY,1
AR,TN,1
NP,PH,1
NP,RO,1
NP,SA,1
AR,TH,1
AE,AL,1
NP,TT,1
AE,BE,1
NP,TZ,1
NP,UG,1
AR,SK,1
NP,ZA,1
NP,ZM,1
NZ,PG,1
US,XK,1
NZ,RO,1
NZ,RS,1
AR,SA,1
AR,RS,1
NZ,SI,1
NZ,SK,1
AR,PY,1
NZ,WS,1
AR,PS,1
AR,PH,1
OM,RU,1
AR,PA,1
OM,TH,1
OM,TN,1
OM,VE,1
OM,ZA,1
OM,ZM,1
PA,PT,1
PA,PY,1
PA,SE,1
PA,SG,1
PE,PL,1
PE,PY,1
PE,RO,1
PE,RU,1
PE,SA,1
PE,SI,1
PE,TR,1
PE,TW,1
AR,NA,1
PE,UY,1
PH,QA,1
PH,SA,1
PH,TR,1
AR,MN,1
AR,LB,1
AR,KE,1
AR,IR,1
AE,BA,1
AR,HR,1
PK,SK,1
PK,TZ,1
PK,UA,1
AR,DZ,1
PK,ZW,1
PL,PS,1
AR,CY,1
AR,CU,1
AR,BG,1
PL,SD,1
AO,VN,1
AO,TH,1
AO,PT,1
AO,GR,1
AO,GH,1
AO,DE,1
AO,CN,1
PL,ZM,1
PS,PT,1
PS,QA,1
PS,RO,1
PS,TN,1
AE,AZ,1
PS,VE,1
PS,ZA,1
AO,BE,1
UY,VN,1
AM,UZ,1
VE,ZA,1
AM,SE,1
AM,KZ,1
AM,KG,1
AM,IN,1
PT,VE,1
AM,GB,1
PT,ZW,1
PY,RU,1
PY,UY,1
PY,VE,1
QA,RO,1
QA,RU,1
QA,RW,1
AM,ES,1
QA,SD,1
AM,DK,1
QA,TW,1
AM,BY,1
QA,ZM,1
AM,AT,1
AL,SE,1
AL,PT,1
AL,NL,1
AL,IN,1
RO,VE,1
RO,XK,1
AL,ID,1
AL,GB,1
AL,DE,1
RS,TH,1
AG,KZ,1
RS,XK,1
AG,KY,1
RU,TN,1
AG,GD,1
AG,GB,1
RU,TZ,1
AG,ES,1
RU,UG,1
AG,CY,1
RU,UY,1
RU,ZW,1
RW,TZ,1
RW,UG,1
RW,ZA,1
RW,ZM,1
AF,SE,1
SA,SO,1
AF,PK,1
AF,IN,1
AF,GB,1
SA,TZ,1
SA,UA,1
AF,FR,1
SA,UZ,1
SA,VN,1
AE,ZM,1
AE,YE,1
SA,ZM,1
SB,US,1
SD,SN,1
SD,TR,1
SD,TW,1
SD,UZ,1
SE,SV,1
SE,TN,1
SE,TT,1
AE,SD,1
SG,SN,1
SG,UA,1
AE,KZ,1
SI,TH,1
SI,TN,1
SI,TR,1
SI,TW,1
SI,UA,1
AE,KW,1
SI,UY,1
SI,XK,1
SI,ZA,1
SK,TW,1
SK,XK,1
SK,ZA,1
SN,TD,1
SN,UY,1
SO,TR,1
SO,UG,1
SO,US,1
SR,US,1
SS,UG,1
SS,US,1
ST,US,1
SV,US,1
SX,US,1
CO,PY,1
CO,QA,1
CO,RU,1
CO,SA,1
CO,SK,1
CO,SY,1
CO,PH,1
CO,UA,1
CO,UG,1
CO,PA,1
CR,CU,1
CR,GT,1
CR,IR,1
CR,IT,1
CR,JP,1
AE,IR,1
CR,PA,1
CR,PT,1
CR,UY,1
CU,DK,1
CU,FI,1
CU,FR,1
CU,GB,1
